INSERT INTO jobs
("JOB_ID","JOB_TITLE","MIN_SALARY","MAX_SALARY")
VALUES
('AD_PRES','President',20000,40000)
/
INSERT INTO jobs
("JOB_ID","JOB_TITLE","MIN_SALARY","MAX_SALARY")
VALUES
('AD_VP','Administration Vice President',15000,30000)
/
INSERT INTO jobs
("JOB_ID","JOB_TITLE","MIN_SALARY","MAX_SALARY")
VALUES
('AD_ASST','Administration Assistant',3000,6000)
/
INSERT INTO jobs
("JOB_ID","JOB_TITLE","MIN_SALARY","MAX_SALARY")
VALUES
('FI_MGR','Finance Manager',8200,16000)
/
INSERT INTO jobs
("JOB_ID","JOB_TITLE","MIN_SALARY","MAX_SALARY")
VALUES
('FI_ACCOUNT','Accountant',4200,9000)
/
INSERT INTO jobs
("JOB_ID","JOB_TITLE","MIN_SALARY","MAX_SALARY")
VALUES
('AC_MGR','Accounting Manager',8200,16000)
/
INSERT INTO jobs
("JOB_ID","JOB_TITLE","MIN_SALARY","MAX_SALARY")
VALUES
('AC_ACCOUNT','Public Accountant',4200,9000)
/
INSERT INTO jobs
("JOB_ID","JOB_TITLE","MIN_SALARY","MAX_SALARY")
VALUES
('SA_MAN','Sales Manager',10000,20000)
/
INSERT INTO jobs
("JOB_ID","JOB_TITLE","MIN_SALARY","MAX_SALARY")
VALUES
('SA_REP','Sales Representative',6000,12000)
/
INSERT INTO jobs
("JOB_ID","JOB_TITLE","MIN_SALARY","MAX_SALARY")
VALUES
('PU_MAN','Purchasing Manager',8000,15000)
/
INSERT INTO jobs
("JOB_ID","JOB_TITLE","MIN_SALARY","MAX_SALARY")
VALUES
('PU_CLERK','Purchasing Clerk',2500,5500)
/
INSERT INTO jobs
("JOB_ID","JOB_TITLE","MIN_SALARY","MAX_SALARY")
VALUES
('ST_MAN','Stock Manager',5500,8500)
/
INSERT INTO jobs
("JOB_ID","JOB_TITLE","MIN_SALARY","MAX_SALARY")
VALUES
('ST_CLERK','Stock Clerk',2000,5000)
/
INSERT INTO jobs
("JOB_ID","JOB_TITLE","MIN_SALARY","MAX_SALARY")
VALUES
('SH_CLERK','Shipping Clerk',2500,5500)
/
INSERT INTO jobs
("JOB_ID","JOB_TITLE","MIN_SALARY","MAX_SALARY")
VALUES
('IT_PROG','Programmer',4000,10000)
/
INSERT INTO jobs
("JOB_ID","JOB_TITLE","MIN_SALARY","MAX_SALARY")
VALUES
('MK_MAN','Marketing Manager',9000,15000)
/
INSERT INTO jobs
("JOB_ID","JOB_TITLE","MIN_SALARY","MAX_SALARY")
VALUES
('MK_REP','Marketing Representative',4000,9000)
/
INSERT INTO jobs
("JOB_ID","JOB_TITLE","MIN_SALARY","MAX_SALARY")
VALUES
('HR_REP','Human Resources Representative',4000,9000)
/
INSERT INTO jobs
("JOB_ID","JOB_TITLE","MIN_SALARY","MAX_SALARY")
VALUES
('PR_REP','Public Relations Representative',4500,10500)
/

INSERT INTO regions
("REGION_ID","REGION_NAME")
VALUES
(1,'Europe')
/
INSERT INTO regions
("REGION_ID","REGION_NAME")
VALUES
(2,'Americas')
/
INSERT INTO regions
("REGION_ID","REGION_NAME")
VALUES
(3,'Asia')
/
INSERT INTO regions
("REGION_ID","REGION_NAME")
VALUES
(4,'Middle East and Africa')
/

INSERT INTO countries
("COUNTRY_ID","COUNTRY_NAME","REGION_ID")
VALUES
('AR','Argentina',2)
/
INSERT INTO countries
("COUNTRY_ID","COUNTRY_NAME","REGION_ID")
VALUES
('AU','Australia',3)
/
INSERT INTO countries
("COUNTRY_ID","COUNTRY_NAME","REGION_ID")
VALUES
('BE','Belgium',1)
/
INSERT INTO countries
("COUNTRY_ID","COUNTRY_NAME","REGION_ID")
VALUES
('BR','Brazil',2)
/
INSERT INTO countries
("COUNTRY_ID","COUNTRY_NAME","REGION_ID")
VALUES
('CA','Canada',2)
/
INSERT INTO countries
("COUNTRY_ID","COUNTRY_NAME","REGION_ID")
VALUES
('CH','Switzerland',1)
/
INSERT INTO countries
("COUNTRY_ID","COUNTRY_NAME","REGION_ID")
VALUES
('CN','China',3)
/
INSERT INTO countries
("COUNTRY_ID","COUNTRY_NAME","REGION_ID")
VALUES
('DE','Germany',1)
/
INSERT INTO countries
("COUNTRY_ID","COUNTRY_NAME","REGION_ID")
VALUES
('DK','Denmark',1)
/
INSERT INTO countries
("COUNTRY_ID","COUNTRY_NAME","REGION_ID")
VALUES
('EG','Egypt',4)
/
INSERT INTO countries
("COUNTRY_ID","COUNTRY_NAME","REGION_ID")
VALUES
('FR','France',1)
/
INSERT INTO countries
("COUNTRY_ID","COUNTRY_NAME","REGION_ID")
VALUES
('HK','HongKong',3)
/
INSERT INTO countries
("COUNTRY_ID","COUNTRY_NAME","REGION_ID")
VALUES
('IL','Israel',4)
/
INSERT INTO countries
("COUNTRY_ID","COUNTRY_NAME","REGION_ID")
VALUES
('IN','India',3)
/
INSERT INTO countries
("COUNTRY_ID","COUNTRY_NAME","REGION_ID")
VALUES
('IT','Italy',1)
/
INSERT INTO countries
("COUNTRY_ID","COUNTRY_NAME","REGION_ID")
VALUES
('JP','Japan',3)
/
INSERT INTO countries
("COUNTRY_ID","COUNTRY_NAME","REGION_ID")
VALUES
('KW','Kuwait',4)
/
INSERT INTO countries
("COUNTRY_ID","COUNTRY_NAME","REGION_ID")
VALUES
('MX','Mexico',2)
/
INSERT INTO countries
("COUNTRY_ID","COUNTRY_NAME","REGION_ID")
VALUES
('NG','Nigeria',4)
/
INSERT INTO countries
("COUNTRY_ID","COUNTRY_NAME","REGION_ID")
VALUES
('NL','Netherlands',1)
/
INSERT INTO countries
("COUNTRY_ID","COUNTRY_NAME","REGION_ID")
VALUES
('SG','Singapore',3)
/
INSERT INTO countries
("COUNTRY_ID","COUNTRY_NAME","REGION_ID")
VALUES
('UK','United Kingdom',1)
/
INSERT INTO countries
("COUNTRY_ID","COUNTRY_NAME","REGION_ID")
VALUES
('US','United States of America',2)
/
INSERT INTO countries
("COUNTRY_ID","COUNTRY_NAME","REGION_ID")
VALUES
('ZM','Zambia',4)
/
INSERT INTO countries
("COUNTRY_ID","COUNTRY_NAME","REGION_ID")
VALUES
('ZW','Zimbabwe',4)
/
INSERT INTO locations
("LOCATION_ID","STREET_ADDRESS","POSTAL_CODE","CITY","STATE_PROVINCE","COUNTRY_ID")
VALUES
(1000,'1297 Via Cola di Rie','00989','Roma',NULL,'IT')
/
INSERT INTO locations
("LOCATION_ID","STREET_ADDRESS","POSTAL_CODE","CITY","STATE_PROVINCE","COUNTRY_ID")
VALUES
(1100,'93091 Calle della Testa','10934','Venice',NULL,'IT')
/
INSERT INTO locations
("LOCATION_ID","STREET_ADDRESS","POSTAL_CODE","CITY","STATE_PROVINCE","COUNTRY_ID")
VALUES
(1200,'2017 Shinjuku-ku','1689','Tokyo','Tokyo Prefecture','JP')
/
INSERT INTO locations
("LOCATION_ID","STREET_ADDRESS","POSTAL_CODE","CITY","STATE_PROVINCE","COUNTRY_ID")
VALUES
(1300,'9450 Kamiya-cho','6823','Hiroshima',NULL,'JP')
/
INSERT INTO locations
("LOCATION_ID","STREET_ADDRESS","POSTAL_CODE","CITY","STATE_PROVINCE","COUNTRY_ID")
VALUES
(1400,'2014 Jabberwocky Rd','26192','Southlake','Texas','US')
/
INSERT INTO locations
("LOCATION_ID","STREET_ADDRESS","POSTAL_CODE","CITY","STATE_PROVINCE","COUNTRY_ID")
VALUES
(1500,'2011 Interiors Blvd','99236','South San Francisco','California','US')
/
INSERT INTO locations
("LOCATION_ID","STREET_ADDRESS","POSTAL_CODE","CITY","STATE_PROVINCE","COUNTRY_ID")
VALUES
(1600,'2007 Zagora St','50090','South Brunswick','New Jersey','US')
/
INSERT INTO locations
("LOCATION_ID","STREET_ADDRESS","POSTAL_CODE","CITY","STATE_PROVINCE","COUNTRY_ID")
VALUES
(1700,'2004 Charade Rd','98199','Seattle','Washington','US')
/
INSERT INTO locations
("LOCATION_ID","STREET_ADDRESS","POSTAL_CODE","CITY","STATE_PROVINCE","COUNTRY_ID")
VALUES
(1800,'147 Spadina Ave','M5V 2L7','Toronto','Ontario','CA')
/
INSERT INTO locations
("LOCATION_ID","STREET_ADDRESS","POSTAL_CODE","CITY","STATE_PROVINCE","COUNTRY_ID")
VALUES
(1900,'6092 Boxwood St','YSW 9T2','Whitehorse','Yukon','CA')
/
INSERT INTO locations
("LOCATION_ID","STREET_ADDRESS","POSTAL_CODE","CITY","STATE_PROVINCE","COUNTRY_ID")
VALUES
(2000,'40-5-12 Laogianggen','190518','Beijing',NULL,'CN')
/
INSERT INTO locations
("LOCATION_ID","STREET_ADDRESS","POSTAL_CODE","CITY","STATE_PROVINCE","COUNTRY_ID")
VALUES
(2100,'1298 Vileparle (E)','490231','Bombay','Maharashtra','IN')
/
INSERT INTO locations
("LOCATION_ID","STREET_ADDRESS","POSTAL_CODE","CITY","STATE_PROVINCE","COUNTRY_ID")
VALUES
(2200,'12-98 Victoria Street','2901','Sydney','New South Wales','AU')
/
INSERT INTO locations
("LOCATION_ID","STREET_ADDRESS","POSTAL_CODE","CITY","STATE_PROVINCE","COUNTRY_ID")
VALUES
(2300,'198 Clementi North','540198','Singapore',NULL,'SG')
/
INSERT INTO locations
("LOCATION_ID","STREET_ADDRESS","POSTAL_CODE","CITY","STATE_PROVINCE","COUNTRY_ID")
VALUES
(2400,'8204 Arthur St',NULL,'London',NULL,'UK')
/
INSERT INTO locations
("LOCATION_ID","STREET_ADDRESS","POSTAL_CODE","CITY","STATE_PROVINCE","COUNTRY_ID")
VALUES
(2500,'Magdalen Centre, The Oxford Science Park','OX9 9ZB','Oxford','Oxford','UK')
/
INSERT INTO locations
("LOCATION_ID","STREET_ADDRESS","POSTAL_CODE","CITY","STATE_PROVINCE","COUNTRY_ID")
VALUES
(2600,'9702 Chester Road','09629850293','Stretford','Manchester','UK')
/
INSERT INTO locations
("LOCATION_ID","STREET_ADDRESS","POSTAL_CODE","CITY","STATE_PROVINCE","COUNTRY_ID")
VALUES
(2700,'Schwanthalerstr. 7031','80925','Munich','Bavaria','DE')
/
INSERT INTO locations
("LOCATION_ID","STREET_ADDRESS","POSTAL_CODE","CITY","STATE_PROVINCE","COUNTRY_ID")
VALUES
(2800,'Rua Frei Caneca 1360 ','01307-002','Sao Paulo','Sao Paulo','BR')
/
INSERT INTO locations
("LOCATION_ID","STREET_ADDRESS","POSTAL_CODE","CITY","STATE_PROVINCE","COUNTRY_ID")
VALUES
(2900,'20 Rue des Corps-Saints','1730','Geneva','Geneve','CH')
/
INSERT INTO locations
("LOCATION_ID","STREET_ADDRESS","POSTAL_CODE","CITY","STATE_PROVINCE","COUNTRY_ID")
VALUES
(3000,'Murtenstrasse 921','3095','Bern','BE','CH')
/
INSERT INTO locations
("LOCATION_ID","STREET_ADDRESS","POSTAL_CODE","CITY","STATE_PROVINCE","COUNTRY_ID")
VALUES
(3100,'Pieter Breughelstraat 837','3029SK','Utrecht','Utrecht','NL')
/
INSERT INTO locations
("LOCATION_ID","STREET_ADDRESS","POSTAL_CODE","CITY","STATE_PROVINCE","COUNTRY_ID")
VALUES
(3200,'Mariano Escobedo 9991','11932','Mexico City','Distrito Federal,','MX')
/
INSERT INTO departments
("DEPARTMENT_ID","DEPARTMENT_NAME","MANAGER_ID","LOCATION_ID")
VALUES
(10,'Administration',200,1700)
/
INSERT INTO departments
("DEPARTMENT_ID","DEPARTMENT_NAME","MANAGER_ID","LOCATION_ID")
VALUES
(20,'Marketing',201,1800)
/
INSERT INTO departments
("DEPARTMENT_ID","DEPARTMENT_NAME","MANAGER_ID","LOCATION_ID")
VALUES
(30,'Purchasing',114,1700)
/
INSERT INTO departments
("DEPARTMENT_ID","DEPARTMENT_NAME","MANAGER_ID","LOCATION_ID")
VALUES
(40,'Human Resources',203,2400)
/
INSERT INTO departments
("DEPARTMENT_ID","DEPARTMENT_NAME","MANAGER_ID","LOCATION_ID")
VALUES
(50,'Shipping',121,1500)
/
INSERT INTO departments
("DEPARTMENT_ID","DEPARTMENT_NAME","MANAGER_ID","LOCATION_ID")
VALUES
(60,'IT',103,1400)
/
INSERT INTO departments
("DEPARTMENT_ID","DEPARTMENT_NAME","MANAGER_ID","LOCATION_ID")
VALUES
(70,'Public Relations',204,2700)
/
INSERT INTO departments
("DEPARTMENT_ID","DEPARTMENT_NAME","MANAGER_ID","LOCATION_ID")
VALUES
(80,'Sales',145,2500)
/
INSERT INTO departments
("DEPARTMENT_ID","DEPARTMENT_NAME","MANAGER_ID","LOCATION_ID")
VALUES
(90,'Executive',100,1700)
/
INSERT INTO departments
("DEPARTMENT_ID","DEPARTMENT_NAME","MANAGER_ID","LOCATION_ID")
VALUES
(100,'Finance',108,1700)
/
INSERT INTO departments
("DEPARTMENT_ID","DEPARTMENT_NAME","MANAGER_ID","LOCATION_ID")
VALUES
(110,'Accounting',205,1700)
/
INSERT INTO departments
("DEPARTMENT_ID","DEPARTMENT_NAME","MANAGER_ID","LOCATION_ID")
VALUES
(120,'Treasury',NULL,1700)
/
INSERT INTO departments
("DEPARTMENT_ID","DEPARTMENT_NAME","MANAGER_ID","LOCATION_ID")
VALUES
(130,'Corporate Tax',NULL,1700)
/
INSERT INTO departments
("DEPARTMENT_ID","DEPARTMENT_NAME","MANAGER_ID","LOCATION_ID")
VALUES
(140,'Control And Credit',NULL,1700)
/
INSERT INTO departments
("DEPARTMENT_ID","DEPARTMENT_NAME","MANAGER_ID","LOCATION_ID")
VALUES
(150,'Shareholder Services',NULL,1700)
/
INSERT INTO departments
("DEPARTMENT_ID","DEPARTMENT_NAME","MANAGER_ID","LOCATION_ID")
VALUES
(160,'Benefits',NULL,1700)
/
INSERT INTO departments
("DEPARTMENT_ID","DEPARTMENT_NAME","MANAGER_ID","LOCATION_ID")
VALUES
(170,'Manufacturing',NULL,1700)
/
INSERT INTO departments
("DEPARTMENT_ID","DEPARTMENT_NAME","MANAGER_ID","LOCATION_ID")
VALUES
(180,'Construction',NULL,1700)
/
INSERT INTO departments
("DEPARTMENT_ID","DEPARTMENT_NAME","MANAGER_ID","LOCATION_ID")
VALUES
(190,'Contracting',NULL,1700)
/
INSERT INTO departments
("DEPARTMENT_ID","DEPARTMENT_NAME","MANAGER_ID","LOCATION_ID")
VALUES
(200,'Operations',NULL,1700)
/
INSERT INTO departments
("DEPARTMENT_ID","DEPARTMENT_NAME","MANAGER_ID","LOCATION_ID")
VALUES
(210,'IT Support',NULL,1700)
/
INSERT INTO departments
("DEPARTMENT_ID","DEPARTMENT_NAME","MANAGER_ID","LOCATION_ID")
VALUES
(220,'NOC',NULL,1700)
/
INSERT INTO departments
("DEPARTMENT_ID","DEPARTMENT_NAME","MANAGER_ID","LOCATION_ID")
VALUES
(230,'IT Helpdesk',NULL,1700)
/
INSERT INTO departments
("DEPARTMENT_ID","DEPARTMENT_NAME","MANAGER_ID","LOCATION_ID")
VALUES
(240,'Government Sales',NULL,1700)
/
INSERT INTO departments
("DEPARTMENT_ID","DEPARTMENT_NAME","MANAGER_ID","LOCATION_ID")
VALUES
(250,'Retail Sales',NULL,1700)
/
INSERT INTO departments
("DEPARTMENT_ID","DEPARTMENT_NAME","MANAGER_ID","LOCATION_ID")
VALUES
(260,'Recruiting',NULL,1700)
/
INSERT INTO departments
("DEPARTMENT_ID","DEPARTMENT_NAME","MANAGER_ID","LOCATION_ID")
VALUES
(270,'Payroll',NULL,1700)
/

INSERT INTO employees
("EMPLOYEE_ID","FIRST_NAME","LAST_NAME","EMAIL","PHONE_NUMBER","HIRE_DATE","JOB_ID","SALARY","COMMISSION_PCT","MANAGER_ID","DEPARTMENT_ID")
VALUES
(100,'Steven','King','SKING','515.123.4567',to_date('6/17/87','MM/DD/RR'),'AD_PRES',24000,NULL,NULL,90)
/
INSERT INTO employees
("EMPLOYEE_ID","FIRST_NAME","LAST_NAME","EMAIL","PHONE_NUMBER","HIRE_DATE","JOB_ID","SALARY","COMMISSION_PCT","MANAGER_ID","DEPARTMENT_ID")
VALUES
(101,'Neena','Kochhar','NKOCHHAR','515.123.4568',to_date('9/21/89','MM/DD/RR'),'AD_VP',17000,NULL,100,90)
/
INSERT INTO employees
("EMPLOYEE_ID","FIRST_NAME","LAST_NAME","EMAIL","PHONE_NUMBER","HIRE_DATE","JOB_ID","SALARY","COMMISSION_PCT","MANAGER_ID","DEPARTMENT_ID")
VALUES
(102,'Lex','De Haan','LDEHAAN','515.123.4569',to_date('1/13/93','MM/DD/RR'),'AD_VP',17000,NULL,100,90)
/
INSERT INTO employees
("EMPLOYEE_ID","FIRST_NAME","LAST_NAME","EMAIL","PHONE_NUMBER","HIRE_DATE","JOB_ID","SALARY","COMMISSION_PCT","MANAGER_ID","DEPARTMENT_ID")
VALUES
(103,'Alexander','Hunold','AHUNOLD','590.423.4567',to_date('1/3/90','MM/DD/RR'),'IT_PROG',9000,NULL,102,60)
/
INSERT INTO employees
("EMPLOYEE_ID","FIRST_NAME","LAST_NAME","EMAIL","PHONE_NUMBER","HIRE_DATE","JOB_ID","SALARY","COMMISSION_PCT","MANAGER_ID","DEPARTMENT_ID")
VALUES
(104,'Bruce','Ernst','BERNST','590.423.4568',to_date('5/21/91','MM/DD/RR'),'IT_PROG',6000,NULL,103,60)
/
INSERT INTO employees
("EMPLOYEE_ID","FIRST_NAME","LAST_NAME","EMAIL","PHONE_NUMBER","HIRE_DATE","JOB_ID","SALARY","COMMISSION_PCT","MANAGER_ID","DEPARTMENT_ID")
VALUES
(105,'David','Austin','DAUSTIN','590.423.4569',to_date('6/25/97','MM/DD/RR'),'IT_PROG',4800,NULL,103,60)
/
INSERT INTO employees
("EMPLOYEE_ID","FIRST_NAME","LAST_NAME","EMAIL","PHONE_NUMBER","HIRE_DATE","JOB_ID","SALARY","COMMISSION_PCT","MANAGER_ID","DEPARTMENT_ID")
VALUES
(106,'Valli','Pataballa','VPATABAL','590.423.4560',to_date('2/5/98','MM/DD/RR'),'IT_PROG',4800,NULL,103,60)
/
INSERT INTO employees
("EMPLOYEE_ID","FIRST_NAME","LAST_NAME","EMAIL","PHONE_NUMBER","HIRE_DATE","JOB_ID","SALARY","COMMISSION_PCT","MANAGER_ID","DEPARTMENT_ID")
VALUES
(107,'Diana','Lorentz','DLORENTZ','590.423.5567',to_date('2/7/99','MM/DD/RR'),'IT_PROG',4200,NULL,103,60)
/
INSERT INTO employees
("EMPLOYEE_ID","FIRST_NAME","LAST_NAME","EMAIL","PHONE_NUMBER","HIRE_DATE","JOB_ID","SALARY","COMMISSION_PCT","MANAGER_ID","DEPARTMENT_ID")
VALUES
(108,'Nancy','Greenberg','NGREENBE','515.124.4569',to_date('8/17/94','MM/DD/RR'),'FI_MGR',12000,NULL,101,100)
/
INSERT INTO employees
("EMPLOYEE_ID","FIRST_NAME","LAST_NAME","EMAIL","PHONE_NUMBER","HIRE_DATE","JOB_ID","SALARY","COMMISSION_PCT","MANAGER_ID","DEPARTMENT_ID")
VALUES
(109,'Daniel','Faviet','DFAVIET','515.124.4169',to_date('8/16/94','MM/DD/RR'),'FI_ACCOUNT',9000,NULL,108,100)
/
INSERT INTO employees
("EMPLOYEE_ID","FIRST_NAME","LAST_NAME","EMAIL","PHONE_NUMBER","HIRE_DATE","JOB_ID","SALARY","COMMISSION_PCT","MANAGER_ID","DEPARTMENT_ID")
VALUES
(110,'John','Chen','JCHEN','515.124.4269',to_date('9/28/97','MM/DD/RR'),'FI_ACCOUNT',8200,NULL,108,100)
/
INSERT INTO employees
("EMPLOYEE_ID","FIRST_NAME","LAST_NAME","EMAIL","PHONE_NUMBER","HIRE_DATE","JOB_ID","SALARY","COMMISSION_PCT","MANAGER_ID","DEPARTMENT_ID")
VALUES
(111,'Ismael','Sciarra','ISCIARRA','515.124.4369',to_date('9/30/97','MM/DD/RR'),'FI_ACCOUNT',7700,NULL,108,100)
/
INSERT INTO employees
("EMPLOYEE_ID","FIRST_NAME","LAST_NAME","EMAIL","PHONE_NUMBER","HIRE_DATE","JOB_ID","SALARY","COMMISSION_PCT","MANAGER_ID","DEPARTMENT_ID")
VALUES
(112,'Jose Manuel','Urman','JMURMAN','515.124.4469',to_date('3/7/98','MM/DD/RR'),'FI_ACCOUNT',7800,NULL,108,100)
/
INSERT INTO employees
("EMPLOYEE_ID","FIRST_NAME","LAST_NAME","EMAIL","PHONE_NUMBER","HIRE_DATE","JOB_ID","SALARY","COMMISSION_PCT","MANAGER_ID","DEPARTMENT_ID")
VALUES
(113,'Luis','Popp','LPOPP','515.124.4567',to_date('12/7/99','MM/DD/RR'),'FI_ACCOUNT',6900,NULL,108,100)
/
INSERT INTO employees
("EMPLOYEE_ID","FIRST_NAME","LAST_NAME","EMAIL","PHONE_NUMBER","HIRE_DATE","JOB_ID","SALARY","COMMISSION_PCT","MANAGER_ID","DEPARTMENT_ID")
VALUES
(114,'Den','Raphaely','DRAPHEAL','515.127.4561',to_date('12/7/94','MM/DD/RR'),'PU_MAN',11000,NULL,100,30)
/
INSERT INTO employees
("EMPLOYEE_ID","FIRST_NAME","LAST_NAME","EMAIL","PHONE_NUMBER","HIRE_DATE","JOB_ID","SALARY","COMMISSION_PCT","MANAGER_ID","DEPARTMENT_ID")
VALUES
(115,'Alexander','Khoo','AKHOO','515.127.4562',to_date('5/18/95','MM/DD/RR'),'PU_CLERK',3100,NULL,114,30)
/
INSERT INTO employees
("EMPLOYEE_ID","FIRST_NAME","LAST_NAME","EMAIL","PHONE_NUMBER","HIRE_DATE","JOB_ID","SALARY","COMMISSION_PCT","MANAGER_ID","DEPARTMENT_ID")
VALUES
(116,'Shelli','Baida','SBAIDA','515.127.4563',to_date('12/24/97','MM/DD/RR'),'PU_CLERK',2900,NULL,114,30)
/
INSERT INTO employees
("EMPLOYEE_ID","FIRST_NAME","LAST_NAME","EMAIL","PHONE_NUMBER","HIRE_DATE","JOB_ID","SALARY","COMMISSION_PCT","MANAGER_ID","DEPARTMENT_ID")
VALUES
(117,'Sigal','Tobias','STOBIAS','515.127.4564',to_date('7/24/97','MM/DD/RR'),'PU_CLERK',2800,NULL,114,30)
/
INSERT INTO employees
("EMPLOYEE_ID","FIRST_NAME","LAST_NAME","EMAIL","PHONE_NUMBER","HIRE_DATE","JOB_ID","SALARY","COMMISSION_PCT","MANAGER_ID","DEPARTMENT_ID")
VALUES
(118,'Guy','Himuro','GHIMURO','515.127.4565',to_date('11/15/98','MM/DD/RR'),'PU_CLERK',2600,NULL,114,30)
/
INSERT INTO employees
("EMPLOYEE_ID","FIRST_NAME","LAST_NAME","EMAIL","PHONE_NUMBER","HIRE_DATE","JOB_ID","SALARY","COMMISSION_PCT","MANAGER_ID","DEPARTMENT_ID")
VALUES
(119,'Karen','Colmenares','KCOLMENA','515.127.4566',to_date('8/10/99','MM/DD/RR'),'PU_CLERK',2500,NULL,114,30)
/
INSERT INTO employees
("EMPLOYEE_ID","FIRST_NAME","LAST_NAME","EMAIL","PHONE_NUMBER","HIRE_DATE","JOB_ID","SALARY","COMMISSION_PCT","MANAGER_ID","DEPARTMENT_ID")
VALUES
(120,'Matthew','Weiss','MWEISS','650.123.1234',to_date('7/18/96','MM/DD/RR'),'ST_MAN',8000,NULL,100,50)
/
INSERT INTO employees
("EMPLOYEE_ID","FIRST_NAME","LAST_NAME","EMAIL","PHONE_NUMBER","HIRE_DATE","JOB_ID","SALARY","COMMISSION_PCT","MANAGER_ID","DEPARTMENT_ID")
VALUES
(121,'Adam','Fripp','AFRIPP','650.123.2234',to_date('4/10/97','MM/DD/RR'),'ST_MAN',8200,NULL,100,50)
/
INSERT INTO employees
("EMPLOYEE_ID","FIRST_NAME","LAST_NAME","EMAIL","PHONE_NUMBER","HIRE_DATE","JOB_ID","SALARY","COMMISSION_PCT","MANAGER_ID","DEPARTMENT_ID")
VALUES
(122,'Payam','Kaufling','PKAUFLIN','650.123.3234',to_date('5/1/95','MM/DD/RR'),'ST_MAN',7900,NULL,100,50)
/
INSERT INTO employees
("EMPLOYEE_ID","FIRST_NAME","LAST_NAME","EMAIL","PHONE_NUMBER","HIRE_DATE","JOB_ID","SALARY","COMMISSION_PCT","MANAGER_ID","DEPARTMENT_ID")
VALUES
(123,'Shanta','Vollman','SVOLLMAN','650.123.4234',to_date('10/10/97','MM/DD/RR'),'ST_MAN',6500,NULL,100,50)
/
INSERT INTO employees
("EMPLOYEE_ID","FIRST_NAME","LAST_NAME","EMAIL","PHONE_NUMBER","HIRE_DATE","JOB_ID","SALARY","COMMISSION_PCT","MANAGER_ID","DEPARTMENT_ID")
VALUES
(124,'Kevin','Mourgos','KMOURGOS','650.123.5234',to_date('11/16/99','MM/DD/RR'),'ST_MAN',5800,NULL,100,50)
/
INSERT INTO employees
("EMPLOYEE_ID","FIRST_NAME","LAST_NAME","EMAIL","PHONE_NUMBER","HIRE_DATE","JOB_ID","SALARY","COMMISSION_PCT","MANAGER_ID","DEPARTMENT_ID")
VALUES
(125,'Julia','Nayer','JNAYER','650.124.1214',to_date('7/16/97','MM/DD/RR'),'ST_CLERK',3200,NULL,120,50)
/
INSERT INTO employees
("EMPLOYEE_ID","FIRST_NAME","LAST_NAME","EMAIL","PHONE_NUMBER","HIRE_DATE","JOB_ID","SALARY","COMMISSION_PCT","MANAGER_ID","DEPARTMENT_ID")
VALUES
(126,'Irene','Mikkilineni','IMIKKILI','650.124.1224',to_date('9/28/98','MM/DD/RR'),'ST_CLERK',2700,NULL,120,50)
/
INSERT INTO employees
("EMPLOYEE_ID","FIRST_NAME","LAST_NAME","EMAIL","PHONE_NUMBER","HIRE_DATE","JOB_ID","SALARY","COMMISSION_PCT","MANAGER_ID","DEPARTMENT_ID")
VALUES
(127,'James','Landry','JLANDRY','650.124.1334',to_date('1/14/99','MM/DD/RR'),'ST_CLERK',2400,NULL,120,50)
/
INSERT INTO employees
("EMPLOYEE_ID","FIRST_NAME","LAST_NAME","EMAIL","PHONE_NUMBER","HIRE_DATE","JOB_ID","SALARY","COMMISSION_PCT","MANAGER_ID","DEPARTMENT_ID")
VALUES
(128,'Steven','Markle','SMARKLE','650.124.1434',to_date('3/8/00','MM/DD/RR'),'ST_CLERK',2200,NULL,120,50)
/
INSERT INTO employees
("EMPLOYEE_ID","FIRST_NAME","LAST_NAME","EMAIL","PHONE_NUMBER","HIRE_DATE","JOB_ID","SALARY","COMMISSION_PCT","MANAGER_ID","DEPARTMENT_ID")
VALUES
(129,'Laura','Bissot','LBISSOT','650.124.5234',to_date('8/20/97','MM/DD/RR'),'ST_CLERK',3300,NULL,121,50)
/
INSERT INTO employees
("EMPLOYEE_ID","FIRST_NAME","LAST_NAME","EMAIL","PHONE_NUMBER","HIRE_DATE","JOB_ID","SALARY","COMMISSION_PCT","MANAGER_ID","DEPARTMENT_ID")
VALUES
(130,'Mozhe','Atkinson','MATKINSO','650.124.6234',to_date('10/30/97','MM/DD/RR'),'ST_CLERK',2800,NULL,121,50)
/
INSERT INTO employees
("EMPLOYEE_ID","FIRST_NAME","LAST_NAME","EMAIL","PHONE_NUMBER","HIRE_DATE","JOB_ID","SALARY","COMMISSION_PCT","MANAGER_ID","DEPARTMENT_ID")
VALUES
(131,'James','Marlow','JAMRLOW','650.124.7234',to_date('2/16/97','MM/DD/RR'),'ST_CLERK',2500,NULL,121,50)
/
INSERT INTO employees
("EMPLOYEE_ID","FIRST_NAME","LAST_NAME","EMAIL","PHONE_NUMBER","HIRE_DATE","JOB_ID","SALARY","COMMISSION_PCT","MANAGER_ID","DEPARTMENT_ID")
VALUES
(132,'TJ','Olson','TJOLSON','650.124.8234',to_date('4/10/99','MM/DD/RR'),'ST_CLERK',2100,NULL,121,50)
/
INSERT INTO employees
("EMPLOYEE_ID","FIRST_NAME","LAST_NAME","EMAIL","PHONE_NUMBER","HIRE_DATE","JOB_ID","SALARY","COMMISSION_PCT","MANAGER_ID","DEPARTMENT_ID")
VALUES
(133,'Jason','Mallin','JMALLIN','650.127.1934',to_date('6/14/96','MM/DD/RR'),'ST_CLERK',3300,NULL,122,50)
/
INSERT INTO employees
("EMPLOYEE_ID","FIRST_NAME","LAST_NAME","EMAIL","PHONE_NUMBER","HIRE_DATE","JOB_ID","SALARY","COMMISSION_PCT","MANAGER_ID","DEPARTMENT_ID")
VALUES
(134,'Michael','Rogers','MROGERS','650.127.1834',to_date('8/26/98','MM/DD/RR'),'ST_CLERK',2900,NULL,122,50)
/
INSERT INTO employees
("EMPLOYEE_ID","FIRST_NAME","LAST_NAME","EMAIL","PHONE_NUMBER","HIRE_DATE","JOB_ID","SALARY","COMMISSION_PCT","MANAGER_ID","DEPARTMENT_ID")
VALUES
(135,'Ki','Gee','KGEE','650.127.1734',to_date('12/12/99','MM/DD/RR'),'ST_CLERK',2400,NULL,122,50)
/
INSERT INTO employees
("EMPLOYEE_ID","FIRST_NAME","LAST_NAME","EMAIL","PHONE_NUMBER","HIRE_DATE","JOB_ID","SALARY","COMMISSION_PCT","MANAGER_ID","DEPARTMENT_ID")
VALUES
(136,'Hazel','Philtanker','HPHILTAN','650.127.1634',to_date('2/6/00','MM/DD/RR'),'ST_CLERK',2200,NULL,122,50)
/
INSERT INTO employees
("EMPLOYEE_ID","FIRST_NAME","LAST_NAME","EMAIL","PHONE_NUMBER","HIRE_DATE","JOB_ID","SALARY","COMMISSION_PCT","MANAGER_ID","DEPARTMENT_ID")
VALUES
(137,'Renske','Ladwig','RLADWIG','650.121.1234',to_date('7/14/95','MM/DD/RR'),'ST_CLERK',3600,NULL,123,50)
/
INSERT INTO employees
("EMPLOYEE_ID","FIRST_NAME","LAST_NAME","EMAIL","PHONE_NUMBER","HIRE_DATE","JOB_ID","SALARY","COMMISSION_PCT","MANAGER_ID","DEPARTMENT_ID")
VALUES
(138,'Stephen','Stiles','SSTILES','650.121.2034',to_date('10/26/97','MM/DD/RR'),'ST_CLERK',3200,NULL,123,50)
/
INSERT INTO employees
("EMPLOYEE_ID","FIRST_NAME","LAST_NAME","EMAIL","PHONE_NUMBER","HIRE_DATE","JOB_ID","SALARY","COMMISSION_PCT","MANAGER_ID","DEPARTMENT_ID")
VALUES
(139,'John','Seo','JSEO','650.121.2019',to_date('2/12/98','MM/DD/RR'),'ST_CLERK',2700,NULL,123,50)
/
INSERT INTO employees
("EMPLOYEE_ID","FIRST_NAME","LAST_NAME","EMAIL","PHONE_NUMBER","HIRE_DATE","JOB_ID","SALARY","COMMISSION_PCT","MANAGER_ID","DEPARTMENT_ID")
VALUES
(140,'Joshua','Patel','JPATEL','650.121.1834',to_date('4/6/98','MM/DD/RR'),'ST_CLERK',2500,NULL,123,50)
/
INSERT INTO employees
("EMPLOYEE_ID","FIRST_NAME","LAST_NAME","EMAIL","PHONE_NUMBER","HIRE_DATE","JOB_ID","SALARY","COMMISSION_PCT","MANAGER_ID","DEPARTMENT_ID")
VALUES
(141,'Trenna','Rajs','TRAJS','650.121.8009',to_date('10/17/95','MM/DD/RR'),'ST_CLERK',3500,NULL,124,50)
/
INSERT INTO employees
("EMPLOYEE_ID","FIRST_NAME","LAST_NAME","EMAIL","PHONE_NUMBER","HIRE_DATE","JOB_ID","SALARY","COMMISSION_PCT","MANAGER_ID","DEPARTMENT_ID")
VALUES
(142,'Curtis','Davies','CDAVIES','650.121.2994',to_date('1/29/97','MM/DD/RR'),'ST_CLERK',3100,NULL,124,50)
/
INSERT INTO employees
("EMPLOYEE_ID","FIRST_NAME","LAST_NAME","EMAIL","PHONE_NUMBER","HIRE_DATE","JOB_ID","SALARY","COMMISSION_PCT","MANAGER_ID","DEPARTMENT_ID")
VALUES
(143,'Randall','Matos','RMATOS','650.121.2874',to_date('3/15/98','MM/DD/RR'),'ST_CLERK',2600,NULL,124,50)
/
INSERT INTO employees
("EMPLOYEE_ID","FIRST_NAME","LAST_NAME","EMAIL","PHONE_NUMBER","HIRE_DATE","JOB_ID","SALARY","COMMISSION_PCT","MANAGER_ID","DEPARTMENT_ID")
VALUES
(144,'Peter','Vargas','PVARGAS','650.121.2004',to_date('7/9/98','MM/DD/RR'),'ST_CLERK',2500,NULL,124,50)
/
INSERT INTO employees
("EMPLOYEE_ID","FIRST_NAME","LAST_NAME","EMAIL","PHONE_NUMBER","HIRE_DATE","JOB_ID","SALARY","COMMISSION_PCT","MANAGER_ID","DEPARTMENT_ID")
VALUES
(145,'John','Russell','JRUSSEL','011.44.1344.429268',to_date('10/1/96','MM/DD/RR'),'SA_MAN',14000,to_number('0,4','9D9','NLS_NUMERIC_CHARACTERS ='', '''),100,80)
/
INSERT INTO employees
("EMPLOYEE_ID","FIRST_NAME","LAST_NAME","EMAIL","PHONE_NUMBER","HIRE_DATE","JOB_ID","SALARY","COMMISSION_PCT","MANAGER_ID","DEPARTMENT_ID")
VALUES
(146,'Karen','Partners','KPARTNER','011.44.1344.467268',to_date('1/5/97','MM/DD/RR'),'SA_MAN',13500,to_number('0,3','9D9','NLS_NUMERIC_CHARACTERS ='', '''),100,80)
/
INSERT INTO employees
("EMPLOYEE_ID","FIRST_NAME","LAST_NAME","EMAIL","PHONE_NUMBER","HIRE_DATE","JOB_ID","SALARY","COMMISSION_PCT","MANAGER_ID","DEPARTMENT_ID")
VALUES
(147,'Alberto','Errazuriz','AERRAZUR','011.44.1344.429278',to_date('3/10/97','MM/DD/RR'),'SA_MAN',12000,to_number('0,3','9D9','NLS_NUMERIC_CHARACTERS ='', '''),100,80)
/
INSERT INTO employees
("EMPLOYEE_ID","FIRST_NAME","LAST_NAME","EMAIL","PHONE_NUMBER","HIRE_DATE","JOB_ID","SALARY","COMMISSION_PCT","MANAGER_ID","DEPARTMENT_ID")
VALUES
(148,'Gerald','Cambrault','GCAMBRAU','011.44.1344.619268',to_date('10/15/99','MM/DD/RR'),'SA_MAN',11000,to_number('0,3','9D9','NLS_NUMERIC_CHARACTERS ='', '''),100,80)
/
INSERT INTO employees
("EMPLOYEE_ID","FIRST_NAME","LAST_NAME","EMAIL","PHONE_NUMBER","HIRE_DATE","JOB_ID","SALARY","COMMISSION_PCT","MANAGER_ID","DEPARTMENT_ID")
VALUES
(149,'Eleni','Zlotkey','EZLOTKEY','011.44.1344.429018',to_date('1/29/00','MM/DD/RR'),'SA_MAN',10500,to_number('0,2','9D9','NLS_NUMERIC_CHARACTERS ='', '''),100,80)
/
INSERT INTO employees
("EMPLOYEE_ID","FIRST_NAME","LAST_NAME","EMAIL","PHONE_NUMBER","HIRE_DATE","JOB_ID","SALARY","COMMISSION_PCT","MANAGER_ID","DEPARTMENT_ID")
VALUES
(150,'Peter','Tucker','PTUCKER','011.44.1344.129268',to_date('1/30/97','MM/DD/RR'),'SA_REP',10000,to_number('0,3','9D9','NLS_NUMERIC_CHARACTERS ='', '''),145,80)
/
INSERT INTO employees
("EMPLOYEE_ID","FIRST_NAME","LAST_NAME","EMAIL","PHONE_NUMBER","HIRE_DATE","JOB_ID","SALARY","COMMISSION_PCT","MANAGER_ID","DEPARTMENT_ID")
VALUES
(151,'David','Bernstein','DBERNSTE','011.44.1344.345268',to_date('3/24/97','MM/DD/RR'),'SA_REP',9500,to_number('0,25','9D99','NLS_NUMERIC_CHARACTERS ='', '''),145,80)
/
INSERT INTO employees
("EMPLOYEE_ID","FIRST_NAME","LAST_NAME","EMAIL","PHONE_NUMBER","HIRE_DATE","JOB_ID","SALARY","COMMISSION_PCT","MANAGER_ID","DEPARTMENT_ID")
VALUES
(152,'Peter','Hall','PHALL','011.44.1344.478968',to_date('8/20/97','MM/DD/RR'),'SA_REP',9000,to_number('0,25','9D99','NLS_NUMERIC_CHARACTERS ='', '''),145,80)
/
INSERT INTO employees
("EMPLOYEE_ID","FIRST_NAME","LAST_NAME","EMAIL","PHONE_NUMBER","HIRE_DATE","JOB_ID","SALARY","COMMISSION_PCT","MANAGER_ID","DEPARTMENT_ID")
VALUES
(153,'Christopher','Olsen','COLSEN','011.44.1344.498718',to_date('3/30/98','MM/DD/RR'),'SA_REP',8000,to_number('0,2','9D9','NLS_NUMERIC_CHARACTERS ='', '''),145,80)
/
INSERT INTO employees
("EMPLOYEE_ID","FIRST_NAME","LAST_NAME","EMAIL","PHONE_NUMBER","HIRE_DATE","JOB_ID","SALARY","COMMISSION_PCT","MANAGER_ID","DEPARTMENT_ID")
VALUES
(154,'Nanette','Cambrault','NCAMBRAU','011.44.1344.987668',to_date('12/9/98','MM/DD/RR'),'SA_REP',7500,to_number('0,2','9D9','NLS_NUMERIC_CHARACTERS ='', '''),145,80)
/
INSERT INTO employees
("EMPLOYEE_ID","FIRST_NAME","LAST_NAME","EMAIL","PHONE_NUMBER","HIRE_DATE","JOB_ID","SALARY","COMMISSION_PCT","MANAGER_ID","DEPARTMENT_ID")
VALUES
(155,'Oliver','Tuvault','OTUVAULT','011.44.1344.486508',to_date('11/23/99','MM/DD/RR'),'SA_REP',7000,to_number('0,15','9D99','NLS_NUMERIC_CHARACTERS ='', '''),145,80)
/
INSERT INTO employees
("EMPLOYEE_ID","FIRST_NAME","LAST_NAME","EMAIL","PHONE_NUMBER","HIRE_DATE","JOB_ID","SALARY","COMMISSION_PCT","MANAGER_ID","DEPARTMENT_ID")
VALUES
(156,'Janette','King','JKING','011.44.1345.429268',to_date('1/30/96','MM/DD/RR'),'SA_REP',10000,to_number('0,35','9D99','NLS_NUMERIC_CHARACTERS ='', '''),146,80)
/
INSERT INTO employees
("EMPLOYEE_ID","FIRST_NAME","LAST_NAME","EMAIL","PHONE_NUMBER","HIRE_DATE","JOB_ID","SALARY","COMMISSION_PCT","MANAGER_ID","DEPARTMENT_ID")
VALUES
(157,'Patrick','Sully','PSULLY','011.44.1345.929268',to_date('3/4/96','MM/DD/RR'),'SA_REP',9500,to_number('0,35','9D99','NLS_NUMERIC_CHARACTERS ='', '''),146,80)
/
INSERT INTO employees
("EMPLOYEE_ID","FIRST_NAME","LAST_NAME","EMAIL","PHONE_NUMBER","HIRE_DATE","JOB_ID","SALARY","COMMISSION_PCT","MANAGER_ID","DEPARTMENT_ID")
VALUES
(158,'Allan','McEwen','AMCEWEN','011.44.1345.829268',to_date('8/1/96','MM/DD/RR'),'SA_REP',9000,to_number('0,35','9D99','NLS_NUMERIC_CHARACTERS ='', '''),146,80)
/
INSERT INTO employees
("EMPLOYEE_ID","FIRST_NAME","LAST_NAME","EMAIL","PHONE_NUMBER","HIRE_DATE","JOB_ID","SALARY","COMMISSION_PCT","MANAGER_ID","DEPARTMENT_ID")
VALUES
(159,'Lindsey','Smith','LSMITH','011.44.1345.729268',to_date('3/10/97','MM/DD/RR'),'SA_REP',8000,to_number('0,3','9D9','NLS_NUMERIC_CHARACTERS ='', '''),146,80)
/
INSERT INTO employees
("EMPLOYEE_ID","FIRST_NAME","LAST_NAME","EMAIL","PHONE_NUMBER","HIRE_DATE","JOB_ID","SALARY","COMMISSION_PCT","MANAGER_ID","DEPARTMENT_ID")
VALUES
(160,'Louise','Doran','LDORAN','011.44.1345.629268',to_date('12/15/97','MM/DD/RR'),'SA_REP',7500,to_number('0,3','9D9','NLS_NUMERIC_CHARACTERS ='', '''),146,80)
/
INSERT INTO employees
("EMPLOYEE_ID","FIRST_NAME","LAST_NAME","EMAIL","PHONE_NUMBER","HIRE_DATE","JOB_ID","SALARY","COMMISSION_PCT","MANAGER_ID","DEPARTMENT_ID")
VALUES
(161,'Sarath','Sewall','SSEWALL','011.44.1345.529268',to_date('11/3/98','MM/DD/RR'),'SA_REP',7000,to_number('0,25','9D99','NLS_NUMERIC_CHARACTERS ='', '''),146,80)
/
INSERT INTO employees
("EMPLOYEE_ID","FIRST_NAME","LAST_NAME","EMAIL","PHONE_NUMBER","HIRE_DATE","JOB_ID","SALARY","COMMISSION_PCT","MANAGER_ID","DEPARTMENT_ID")
VALUES
(162,'Clara','Vishney','CVISHNEY','011.44.1346.129268',to_date('11/11/97','MM/DD/RR'),'SA_REP',10500,to_number('0,25','9D99','NLS_NUMERIC_CHARACTERS ='', '''),147,80)
/
INSERT INTO employees
("EMPLOYEE_ID","FIRST_NAME","LAST_NAME","EMAIL","PHONE_NUMBER","HIRE_DATE","JOB_ID","SALARY","COMMISSION_PCT","MANAGER_ID","DEPARTMENT_ID")
VALUES
(163,'Danielle','Greene','DGREENE','011.44.1346.229268',to_date('3/19/99','MM/DD/RR'),'SA_REP',9500,to_number('0,15','9D99','NLS_NUMERIC_CHARACTERS ='', '''),147,80)
/
INSERT INTO employees
("EMPLOYEE_ID","FIRST_NAME","LAST_NAME","EMAIL","PHONE_NUMBER","HIRE_DATE","JOB_ID","SALARY","COMMISSION_PCT","MANAGER_ID","DEPARTMENT_ID")
VALUES
(164,'Mattea','Marvins','MMARVINS','011.44.1346.329268',to_date('1/24/00','MM/DD/RR'),'SA_REP',7200,to_number('0,1','9D9','NLS_NUMERIC_CHARACTERS ='', '''),147,80)
/
INSERT INTO employees
("EMPLOYEE_ID","FIRST_NAME","LAST_NAME","EMAIL","PHONE_NUMBER","HIRE_DATE","JOB_ID","SALARY","COMMISSION_PCT","MANAGER_ID","DEPARTMENT_ID")
VALUES
(165,'David','Lee','DLEE','011.44.1346.529268',to_date('2/23/00','MM/DD/RR'),'SA_REP',6800,to_number('0,1','9D9','NLS_NUMERIC_CHARACTERS ='', '''),147,80)
/
INSERT INTO employees
("EMPLOYEE_ID","FIRST_NAME","LAST_NAME","EMAIL","PHONE_NUMBER","HIRE_DATE","JOB_ID","SALARY","COMMISSION_PCT","MANAGER_ID","DEPARTMENT_ID")
VALUES
(166,'Sundar','Ande','SANDE','011.44.1346.629268',to_date('3/24/00','MM/DD/RR'),'SA_REP',6400,to_number('0,1','9D9','NLS_NUMERIC_CHARACTERS ='', '''),147,80)
/
INSERT INTO employees
("EMPLOYEE_ID","FIRST_NAME","LAST_NAME","EMAIL","PHONE_NUMBER","HIRE_DATE","JOB_ID","SALARY","COMMISSION_PCT","MANAGER_ID","DEPARTMENT_ID")
VALUES
(167,'Amit','Banda','ABANDA','011.44.1346.729268',to_date('4/21/00','MM/DD/RR'),'SA_REP',6200,to_number('0,1','9D9','NLS_NUMERIC_CHARACTERS ='', '''),147,80)
/
INSERT INTO employees
("EMPLOYEE_ID","FIRST_NAME","LAST_NAME","EMAIL","PHONE_NUMBER","HIRE_DATE","JOB_ID","SALARY","COMMISSION_PCT","MANAGER_ID","DEPARTMENT_ID")
VALUES
(168,'Lisa','Ozer','LOZER','011.44.1343.929268',to_date('3/11/97','MM/DD/RR'),'SA_REP',11500,to_number('0,25','9D99','NLS_NUMERIC_CHARACTERS ='', '''),148,80)
/
INSERT INTO employees
("EMPLOYEE_ID","FIRST_NAME","LAST_NAME","EMAIL","PHONE_NUMBER","HIRE_DATE","JOB_ID","SALARY","COMMISSION_PCT","MANAGER_ID","DEPARTMENT_ID")
VALUES
(169,'Harrison','Bloom','HBLOOM','011.44.1343.829268',to_date('3/23/98','MM/DD/RR'),'SA_REP',10000,to_number('0,2','9D9','NLS_NUMERIC_CHARACTERS ='', '''),148,80)
/
INSERT INTO employees
("EMPLOYEE_ID","FIRST_NAME","LAST_NAME","EMAIL","PHONE_NUMBER","HIRE_DATE","JOB_ID","SALARY","COMMISSION_PCT","MANAGER_ID","DEPARTMENT_ID")
VALUES
(170,'Tayler','Fox','TFOX','011.44.1343.729268',to_date('1/24/98','MM/DD/RR'),'SA_REP',9600,to_number('0,2','9D9','NLS_NUMERIC_CHARACTERS ='', '''),148,80)
/
INSERT INTO employees
("EMPLOYEE_ID","FIRST_NAME","LAST_NAME","EMAIL","PHONE_NUMBER","HIRE_DATE","JOB_ID","SALARY","COMMISSION_PCT","MANAGER_ID","DEPARTMENT_ID")
VALUES
(171,'William','Smith','WSMITH','011.44.1343.629268',to_date('2/23/99','MM/DD/RR'),'SA_REP',7400,to_number('0,15','9D99','NLS_NUMERIC_CHARACTERS ='', '''),148,80)
/
INSERT INTO employees
("EMPLOYEE_ID","FIRST_NAME","LAST_NAME","EMAIL","PHONE_NUMBER","HIRE_DATE","JOB_ID","SALARY","COMMISSION_PCT","MANAGER_ID","DEPARTMENT_ID")
VALUES
(172,'Elizabeth','Bates','EBATES','011.44.1343.529268',to_date('3/24/99','MM/DD/RR'),'SA_REP',7300,to_number('0,15','9D99','NLS_NUMERIC_CHARACTERS ='', '''),148,80)
/
INSERT INTO employees
("EMPLOYEE_ID","FIRST_NAME","LAST_NAME","EMAIL","PHONE_NUMBER","HIRE_DATE","JOB_ID","SALARY","COMMISSION_PCT","MANAGER_ID","DEPARTMENT_ID")
VALUES
(173,'Sundita','Kumar','SKUMAR','011.44.1343.329268',to_date('4/21/00','MM/DD/RR'),'SA_REP',6100,to_number('0,1','9D9','NLS_NUMERIC_CHARACTERS ='', '''),148,80)
/
INSERT INTO employees
("EMPLOYEE_ID","FIRST_NAME","LAST_NAME","EMAIL","PHONE_NUMBER","HIRE_DATE","JOB_ID","SALARY","COMMISSION_PCT","MANAGER_ID","DEPARTMENT_ID")
VALUES
(174,'Ellen','Abel','EABEL','011.44.1644.429267',to_date('5/11/96','MM/DD/RR'),'SA_REP',11000,to_number('0,3','9D9','NLS_NUMERIC_CHARACTERS ='', '''),149,80)
/
INSERT INTO employees
("EMPLOYEE_ID","FIRST_NAME","LAST_NAME","EMAIL","PHONE_NUMBER","HIRE_DATE","JOB_ID","SALARY","COMMISSION_PCT","MANAGER_ID","DEPARTMENT_ID")
VALUES
(175,'Alyssa','Hutton','AHUTTON','011.44.1644.429266',to_date('3/19/97','MM/DD/RR'),'SA_REP',8800,to_number('0,25','9D99','NLS_NUMERIC_CHARACTERS ='', '''),149,80)
/
INSERT INTO employees
("EMPLOYEE_ID","FIRST_NAME","LAST_NAME","EMAIL","PHONE_NUMBER","HIRE_DATE","JOB_ID","SALARY","COMMISSION_PCT","MANAGER_ID","DEPARTMENT_ID")
VALUES
(176,'Jonathon','Taylor','JTAYLOR','011.44.1644.429265',to_date('3/24/98','MM/DD/RR'),'SA_REP',8600,to_number('0,2','9D9','NLS_NUMERIC_CHARACTERS ='', '''),149,80)
/
INSERT INTO employees
("EMPLOYEE_ID","FIRST_NAME","LAST_NAME","EMAIL","PHONE_NUMBER","HIRE_DATE","JOB_ID","SALARY","COMMISSION_PCT","MANAGER_ID","DEPARTMENT_ID")
VALUES
(177,'Jack','Livingston','JLIVINGS','011.44.1644.429264',to_date('4/23/98','MM/DD/RR'),'SA_REP',8400,to_number('0,2','9D9','NLS_NUMERIC_CHARACTERS ='', '''),149,80)
/
INSERT INTO employees
("EMPLOYEE_ID","FIRST_NAME","LAST_NAME","EMAIL","PHONE_NUMBER","HIRE_DATE","JOB_ID","SALARY","COMMISSION_PCT","MANAGER_ID","DEPARTMENT_ID")
VALUES
(178,'Kimberely','Grant','KGRANT','011.44.1644.429263',to_date('5/24/99','MM/DD/RR'),'SA_REP',7000,to_number('0,15','9D99','NLS_NUMERIC_CHARACTERS ='', '''),149,NULL)
/
INSERT INTO employees
("EMPLOYEE_ID","FIRST_NAME","LAST_NAME","EMAIL","PHONE_NUMBER","HIRE_DATE","JOB_ID","SALARY","COMMISSION_PCT","MANAGER_ID","DEPARTMENT_ID")
VALUES
(179,'Charles','Johnson','CJOHNSON','011.44.1644.429262',to_date('1/4/00','MM/DD/RR'),'SA_REP',6200,to_number('0,1','9D9','NLS_NUMERIC_CHARACTERS ='', '''),149,80)
/
INSERT INTO employees
("EMPLOYEE_ID","FIRST_NAME","LAST_NAME","EMAIL","PHONE_NUMBER","HIRE_DATE","JOB_ID","SALARY","COMMISSION_PCT","MANAGER_ID","DEPARTMENT_ID")
VALUES
(180,'Winston','Taylor','WTAYLOR','650.507.9876',to_date('1/24/98','MM/DD/RR'),'SH_CLERK',3200,NULL,120,50)
/
INSERT INTO employees
("EMPLOYEE_ID","FIRST_NAME","LAST_NAME","EMAIL","PHONE_NUMBER","HIRE_DATE","JOB_ID","SALARY","COMMISSION_PCT","MANAGER_ID","DEPARTMENT_ID")
VALUES
(181,'Jean','Fleaur','JFLEAUR','650.507.9877',to_date('2/23/98','MM/DD/RR'),'SH_CLERK',3100,NULL,120,50)
/
INSERT INTO employees
("EMPLOYEE_ID","FIRST_NAME","LAST_NAME","EMAIL","PHONE_NUMBER","HIRE_DATE","JOB_ID","SALARY","COMMISSION_PCT","MANAGER_ID","DEPARTMENT_ID")
VALUES
(182,'Martha','Sullivan','MSULLIVA','650.507.9878',to_date('6/21/99','MM/DD/RR'),'SH_CLERK',2500,NULL,120,50)
/
INSERT INTO employees
("EMPLOYEE_ID","FIRST_NAME","LAST_NAME","EMAIL","PHONE_NUMBER","HIRE_DATE","JOB_ID","SALARY","COMMISSION_PCT","MANAGER_ID","DEPARTMENT_ID")
VALUES
(183,'Girard','Geoni','GGEONI','650.507.9879',to_date('2/3/00','MM/DD/RR'),'SH_CLERK',2800,NULL,120,50)
/
INSERT INTO employees
("EMPLOYEE_ID","FIRST_NAME","LAST_NAME","EMAIL","PHONE_NUMBER","HIRE_DATE","JOB_ID","SALARY","COMMISSION_PCT","MANAGER_ID","DEPARTMENT_ID")
VALUES
(184,'Nandita','Sarchand','NSARCHAN','650.509.1876',to_date('1/27/96','MM/DD/RR'),'SH_CLERK',4200,NULL,121,50)
/
INSERT INTO employees
("EMPLOYEE_ID","FIRST_NAME","LAST_NAME","EMAIL","PHONE_NUMBER","HIRE_DATE","JOB_ID","SALARY","COMMISSION_PCT","MANAGER_ID","DEPARTMENT_ID")
VALUES
(185,'Alexis','Bull','ABULL','650.509.2876',to_date('2/20/97','MM/DD/RR'),'SH_CLERK',4100,NULL,121,50)
/
INSERT INTO employees
("EMPLOYEE_ID","FIRST_NAME","LAST_NAME","EMAIL","PHONE_NUMBER","HIRE_DATE","JOB_ID","SALARY","COMMISSION_PCT","MANAGER_ID","DEPARTMENT_ID")
VALUES
(186,'Julia','Dellinger','JDELLING','650.509.3876',to_date('6/24/98','MM/DD/RR'),'SH_CLERK',3400,NULL,121,50)
/
INSERT INTO employees
("EMPLOYEE_ID","FIRST_NAME","LAST_NAME","EMAIL","PHONE_NUMBER","HIRE_DATE","JOB_ID","SALARY","COMMISSION_PCT","MANAGER_ID","DEPARTMENT_ID")
VALUES
(187,'Anthony','Cabrio','ACABRIO','650.509.4876',to_date('2/7/99','MM/DD/RR'),'SH_CLERK',3000,NULL,121,50)
/
INSERT INTO employees
("EMPLOYEE_ID","FIRST_NAME","LAST_NAME","EMAIL","PHONE_NUMBER","HIRE_DATE","JOB_ID","SALARY","COMMISSION_PCT","MANAGER_ID","DEPARTMENT_ID")
VALUES
(188,'Kelly','Chung','KCHUNG','650.505.1876',to_date('6/14/97','MM/DD/RR'),'SH_CLERK',3800,NULL,122,50)
/
INSERT INTO employees
("EMPLOYEE_ID","FIRST_NAME","LAST_NAME","EMAIL","PHONE_NUMBER","HIRE_DATE","JOB_ID","SALARY","COMMISSION_PCT","MANAGER_ID","DEPARTMENT_ID")
VALUES
(189,'Jennifer','Dilly','JDILLY','650.505.2876',to_date('8/13/97','MM/DD/RR'),'SH_CLERK',3600,NULL,122,50)
/
INSERT INTO employees
("EMPLOYEE_ID","FIRST_NAME","LAST_NAME","EMAIL","PHONE_NUMBER","HIRE_DATE","JOB_ID","SALARY","COMMISSION_PCT","MANAGER_ID","DEPARTMENT_ID")
VALUES
(190,'Timothy','Gates','TGATES','650.505.3876',to_date('7/11/98','MM/DD/RR'),'SH_CLERK',2900,NULL,122,50)
/
INSERT INTO employees
("EMPLOYEE_ID","FIRST_NAME","LAST_NAME","EMAIL","PHONE_NUMBER","HIRE_DATE","JOB_ID","SALARY","COMMISSION_PCT","MANAGER_ID","DEPARTMENT_ID")
VALUES
(191,'Randall','Perkins','RPERKINS','650.505.4876',to_date('12/19/99','MM/DD/RR'),'SH_CLERK',2500,NULL,122,50)
/
INSERT INTO employees
("EMPLOYEE_ID","FIRST_NAME","LAST_NAME","EMAIL","PHONE_NUMBER","HIRE_DATE","JOB_ID","SALARY","COMMISSION_PCT","MANAGER_ID","DEPARTMENT_ID")
VALUES
(192,'Sarah','Bell','SBELL','650.501.1876',to_date('2/4/96','MM/DD/RR'),'SH_CLERK',4000,NULL,123,50)
/
INSERT INTO employees
("EMPLOYEE_ID","FIRST_NAME","LAST_NAME","EMAIL","PHONE_NUMBER","HIRE_DATE","JOB_ID","SALARY","COMMISSION_PCT","MANAGER_ID","DEPARTMENT_ID")
VALUES
(193,'Britney','Everett','BEVERETT','650.501.2876',to_date('3/3/97','MM/DD/RR'),'SH_CLERK',3900,NULL,123,50)
/
INSERT INTO employees
("EMPLOYEE_ID","FIRST_NAME","LAST_NAME","EMAIL","PHONE_NUMBER","HIRE_DATE","JOB_ID","SALARY","COMMISSION_PCT","MANAGER_ID","DEPARTMENT_ID")
VALUES
(194,'Samuel','McCain','SMCCAIN','650.501.3876',to_date('7/1/98','MM/DD/RR'),'SH_CLERK',3200,NULL,123,50)
/
INSERT INTO employees
("EMPLOYEE_ID","FIRST_NAME","LAST_NAME","EMAIL","PHONE_NUMBER","HIRE_DATE","JOB_ID","SALARY","COMMISSION_PCT","MANAGER_ID","DEPARTMENT_ID")
VALUES
(195,'Vance','Jones','VJONES','650.501.4876',to_date('3/17/99','MM/DD/RR'),'SH_CLERK',2800,NULL,123,50)
/
INSERT INTO employees
("EMPLOYEE_ID","FIRST_NAME","LAST_NAME","EMAIL","PHONE_NUMBER","HIRE_DATE","JOB_ID","SALARY","COMMISSION_PCT","MANAGER_ID","DEPARTMENT_ID")
VALUES
(196,'Alana','Walsh','AWALSH','650.507.9811',to_date('4/24/98','MM/DD/RR'),'SH_CLERK',3100,NULL,124,50)
/
INSERT INTO employees
("EMPLOYEE_ID","FIRST_NAME","LAST_NAME","EMAIL","PHONE_NUMBER","HIRE_DATE","JOB_ID","SALARY","COMMISSION_PCT","MANAGER_ID","DEPARTMENT_ID")
VALUES
(197,'Kevin','Feeney','KFEENEY','650.507.9822',to_date('5/23/98','MM/DD/RR'),'SH_CLERK',3000,NULL,124,50)
/
INSERT INTO employees
("EMPLOYEE_ID","FIRST_NAME","LAST_NAME","EMAIL","PHONE_NUMBER","HIRE_DATE","JOB_ID","SALARY","COMMISSION_PCT","MANAGER_ID","DEPARTMENT_ID")
VALUES
(198,'Donald','OConnell','DOCONNEL','650.507.9833',to_date('6/21/99','MM/DD/RR'),'SH_CLERK',2600,NULL,124,50)
/
INSERT INTO employees
("EMPLOYEE_ID","FIRST_NAME","LAST_NAME","EMAIL","PHONE_NUMBER","HIRE_DATE","JOB_ID","SALARY","COMMISSION_PCT","MANAGER_ID","DEPARTMENT_ID")
VALUES
(199,'Douglas','Grant','DGRANT','650.507.9844',to_date('1/13/00','MM/DD/RR'),'SH_CLERK',2600,NULL,124,50)
/
INSERT INTO employees
("EMPLOYEE_ID","FIRST_NAME","LAST_NAME","EMAIL","PHONE_NUMBER","HIRE_DATE","JOB_ID","SALARY","COMMISSION_PCT","MANAGER_ID","DEPARTMENT_ID")
VALUES
(200,'Jennifer','Whalen','JWHALEN','515.123.4444',to_date('9/17/87','MM/DD/RR'),'AD_ASST',4400,NULL,101,10)
/
INSERT INTO employees
("EMPLOYEE_ID","FIRST_NAME","LAST_NAME","EMAIL","PHONE_NUMBER","HIRE_DATE","JOB_ID","SALARY","COMMISSION_PCT","MANAGER_ID","DEPARTMENT_ID")
VALUES
(201,'Michael','Hartstein','MHARTSTE','515.123.5555',to_date('2/17/96','MM/DD/RR'),'MK_MAN',13000,NULL,100,20)
/
INSERT INTO employees
("EMPLOYEE_ID","FIRST_NAME","LAST_NAME","EMAIL","PHONE_NUMBER","HIRE_DATE","JOB_ID","SALARY","COMMISSION_PCT","MANAGER_ID","DEPARTMENT_ID")
VALUES
(202,'Pat','Fay','PFAY','603.123.6666',to_date('8/17/97','MM/DD/RR'),'MK_REP',6000,NULL,201,20)
/
INSERT INTO employees
("EMPLOYEE_ID","FIRST_NAME","LAST_NAME","EMAIL","PHONE_NUMBER","HIRE_DATE","JOB_ID","SALARY","COMMISSION_PCT","MANAGER_ID","DEPARTMENT_ID")
VALUES
(203,'Susan','Mavris','SMAVRIS','515.123.7777',to_date('6/7/94','MM/DD/RR'),'HR_REP',6500,NULL,101,40)
/
INSERT INTO employees
("EMPLOYEE_ID","FIRST_NAME","LAST_NAME","EMAIL","PHONE_NUMBER","HIRE_DATE","JOB_ID","SALARY","COMMISSION_PCT","MANAGER_ID","DEPARTMENT_ID")
VALUES
(204,'Hermann','Baer','HBAER','515.123.8888',to_date('6/7/94','MM/DD/RR'),'PR_REP',10000,NULL,101,70)
/
INSERT INTO employees
("EMPLOYEE_ID","FIRST_NAME","LAST_NAME","EMAIL","PHONE_NUMBER","HIRE_DATE","JOB_ID","SALARY","COMMISSION_PCT","MANAGER_ID","DEPARTMENT_ID")
VALUES
(205,'Shelley','Higgins','SHIGGINS','515.123.8080',to_date('6/7/94','MM/DD/RR'),'AC_MGR',12000,NULL,101,110)
/
INSERT INTO employees
("EMPLOYEE_ID","FIRST_NAME","LAST_NAME","EMAIL","PHONE_NUMBER","HIRE_DATE","JOB_ID","SALARY","COMMISSION_PCT","MANAGER_ID","DEPARTMENT_ID")
VALUES
(206,'William','Gietz','WGIETZ','515.123.8181',to_date('6/7/94','MM/DD/RR'),'AC_ACCOUNT',8300,NULL,205,110)
/
INSERT INTO job_history
("EMPLOYEE_ID","START_DATE","END_DATE","JOB_ID","DEPARTMENT_ID")
VALUES
(102,to_date('1/13/93','MM/DD/RR'),to_date('7/24/98','MM/DD/RR'),'IT_PROG',60)
/
INSERT INTO job_history
("EMPLOYEE_ID","START_DATE","END_DATE","JOB_ID","DEPARTMENT_ID")
VALUES
(101,to_date('9/21/89','MM/DD/RR'),to_date('10/27/93','MM/DD/RR'),'AC_ACCOUNT',110)
/
INSERT INTO job_history
("EMPLOYEE_ID","START_DATE","END_DATE","JOB_ID","DEPARTMENT_ID")
VALUES
(101,to_date('10/28/93','MM/DD/RR'),to_date('3/15/97','MM/DD/RR'),'AC_MGR',110)
/
INSERT INTO job_history
("EMPLOYEE_ID","START_DATE","END_DATE","JOB_ID","DEPARTMENT_ID")
VALUES
(201,to_date('2/17/96','MM/DD/RR'),to_date('12/19/99','MM/DD/RR'),'MK_REP',20)
/
INSERT INTO job_history
("EMPLOYEE_ID","START_DATE","END_DATE","JOB_ID","DEPARTMENT_ID")
VALUES
(114,to_date('3/24/98','MM/DD/RR'),to_date('12/31/99','MM/DD/RR'),'ST_CLERK',50)
/
INSERT INTO job_history
("EMPLOYEE_ID","START_DATE","END_DATE","JOB_ID","DEPARTMENT_ID")
VALUES
(122,to_date('1/1/99','MM/DD/RR'),to_date('12/31/99','MM/DD/RR'),'ST_CLERK',50)
/
INSERT INTO job_history
("EMPLOYEE_ID","START_DATE","END_DATE","JOB_ID","DEPARTMENT_ID")
VALUES
(200,to_date('9/17/87','MM/DD/RR'),to_date('6/17/93','MM/DD/RR'),'AD_ASST',90)
/
INSERT INTO job_history
("EMPLOYEE_ID","START_DATE","END_DATE","JOB_ID","DEPARTMENT_ID")
VALUES
(176,to_date('3/24/98','MM/DD/RR'),to_date('12/31/98','MM/DD/RR'),'SA_REP',80)
/
INSERT INTO job_history
("EMPLOYEE_ID","START_DATE","END_DATE","JOB_ID","DEPARTMENT_ID")
VALUES
(176,to_date('1/1/99','MM/DD/RR'),to_date('12/31/99','MM/DD/RR'),'SA_MAN',80)
/
INSERT INTO job_history
("EMPLOYEE_ID","START_DATE","END_DATE","JOB_ID","DEPARTMENT_ID")
VALUES
(200,to_date('7/1/94','MM/DD/RR'),to_date('12/31/98','MM/DD/RR'),'AC_ACCOUNT',90)
/


ALTER TABLE departments
ADD CONSTRAINT dept_mgr_fk FOREIGN KEY (manager_id)
REFERENCES employees (employee_id)
/

